#键	计数	中位键角	p05	p95	均值
C	4	0	0	0	133920	109.4	106.4	112.9	109.4383
C	3	1	6	0	87857	120.0	116.6	122.6	119.9079
C	3	1	6	6	47823	120.1	117.5	123.4	120.1477
C	4	0	6	0	22812	109.1	105.8	111.9	108.9494
C	3	0	0	0	18030	120.8	110.2	127.2	119.9909
N	3	0	0	0	15246	115.6	107.3	125.8	115.7521
C	4	0	5	0	9906	110.7	106.8	115.1	110.7580
C	3	1	5	0	7781	126.4	118.4	134.1	126.1689
C	3	0	6	0	6927	120.6	114.8	125.2	120.3159
O	2	0	0	0	6820	108.7	102.6	118.0	110.1459
C	4	0	6	6	5122	111.6	108.3	114.9	111.5818
C	3	1	5	5	4773	109.5	104.5	115.0	109.4116
C	3	0	6	6	3691	119.3	114.7	124.6	119.3817
S	4	0	0	0	3078	107.8	102.0	122.2	109.2043
N	2	1	6	6	2705	116.9	112.2	119.8	116.7864
C	3	0	5	0	2691	125.1	119.4	130.7	125.1223
N	3	0	6	0	2386	117.3	110.2	122.5	117.0799
C	4	0	5	5	2277	103.3	98.4	107.9	103.3420
N	3	1	5	0	1618	125.7	118.5	130.8	125.0306
C	3	1	5	6	1565	121.8	116.6	127.1	121.4666
N	2	1	5	5	1458	105.4	102.1	111.2	105.9988
C	3	0	5	5	1411	109.7	104.7	116.9	110.0097
N	3	0	6	6	1309	121.4	109.9	126.4	119.9056
N	3	0	5	0	1250	122.4	112.1	128.3	121.7110
C	4	0	3	0	1052	117.7	113.1	121.9	117.4855
N	2	0	0	0	988	113.3	107.2	121.3	114.3556
C	4	0	7	0	915	108.4	105.2	112.0	108.4519
N	3	1	5	5	874	110.5	106.4	114.5	110.4556
P	4	0	0	0	738	109.4	100.7	117.6	109.1961
N	3	0	5	5	686	110.7	104.1	117.5	110.7280
C	4	0	4	0	684	114.3	108.2	118.8	114.0089
S	2	0	0	0	667	99.8	94.5	103.3	99.5111
C	2	0	0	0	613	178.9	176.1	179.9	178.5909
N	3	1	6	0	526	120.0	117.2	122.7	120.0192
O	2	0	6	6	405	113.6	110.1	121.4	114.5119
N	4	0	0	0	360	109.2	105.8	113.4	109.4269
O	2	0	5	5	355	107.7	100.8	112.3	106.5366
N	2	0	6	6	328	118.0	113.9	121.7	118.0116
S	2	1	5	5	309	92.0	89.1	94.5	91.7304
O	2	1	5	5	306	107.9	104.0	111.4	108.4275
C	3	0	7	0	280	117.7	111.2	123.1	117.3689
N	3	1	6	6	271	120.2	118.2	121.8	119.9373
C	4	0	5	6	254	111.0	106.4	116.7	111.2512
S	2	0	5	5	234	92.8	88.0	96.7	92.5829
C	4	0	3	3	218	59.3	57.9	60.4	59.1922
C	4	0	7	7	183	114.0	109.4	119.7	114.1383
C	4	0	8	0	175	108.3	104.9	112.7	108.4326
N	2	0	5	5	165	106.4	101.6	111.3	106.4297
C	4	0	4	4	151	87.2	83.2	90.7	86.9172
N	4	0	6	0	141	108.5	103.2	114.2	108.6908
C	3	0	7	7	140	125.3	117.2	132.7	125.1550
S	4	0	5	0	130	109.2	107.3	123.1	111.6854
C	3	0	4	0	126	133.9	127.5	142.7	134.5468
N	3	0	7	0	88	114.9	109.1	120.4	114.4295
C	3	1	6	7	87	123.0	119.3	127.4	123.2621
S	2	0	6	6	82	100.0	96.3	104.4	100.2793
C	4	0	28	0	80	108.6	104.7	111.4	108.5138
C	3	0	5	6	77	123.0	115.4	127.8	122.4896
N	4	0	5	0	75	110.3	105.1	117.1	110.3640
S	4	0	6	0	70	107.6	105.4	121.7	110.1357
S	3	0	0	0	69	105.4	93.9	109.2	103.1638
C	3	0	4	4	65	91.2	87.2	96.6	91.0308
C	4	0	9	0	65	108.1	103.6	112.1	107.9492
N	3	0	5	6	54	121.8	109.6	127.1	121.3778
N	3	1	5	6	51	122.5	119.8	128.1	122.7725
Si	4	0	0	0	48	109.3	106.6	111.8	109.4188
O	2	0	3	3	46	63.4	62.4	64.2	63.3761
N	3	0	7	7	44	124.2	114.7	132.7	124.4227
C	4	0	4	6	41	112.1	104.2	115.5	112.2146
C	4	0	16	0	40	108.1	106.3	111.1	108.4725
N	4	0	6	6	38	111.8	106.7	116.5	111.7263
C	3	1	7	0	38	115.1	110.3	121.0	115.7316
C	4	0	8	8	35	113.7	111.0	120.7	114.1229
P	4	0	5	0	35	110.6	104.3	122.9	111.6857
P	3	0	0	0	30	98.2	95.6	104.1	98.5867
N	2	0	7	7	29	120.4	117.3	127.0	121.2690
S	4	0	5	5	26	94.5	92.1	97.8	94.7923
C	3	1	7	7	25	127.0	117.7	134.6	126.4360
N	3	0	3	0	24	119.1	116.8	120.5	119.0917
N	3	0	4	0	24	130.9	118.1	137.2	128.4542
C	3	0	8	0	24	118.0	111.1	125.4	118.9833
C	3	0	28	0	22	116.7	111.9	123.5	116.8955
O	2	0	7	7	21	116.2	112.9	123.3	117.2476
C	4	0	3	6	20	117.9	114.1	123.2	117.8250
Si	4	0	16	0	20	108.6	106.4	111.9	109.2750
C	4	0	10	0	20	109.1	107.0	111.1	108.8000
S	4	0	4	0	20	112.0	94.7	126.0	110.9900
C	4	0	6	7	19	111.4	101.1	119.7	111.1684
C	4	0	5	7	18	113.2	110.2	136.7	116.8556
C	4	0	3	5	18	107.1	100.3	110.4	106.2222
S	2	0	7	7	18	101.0	97.1	104.9	100.6389
C	4	0	4	5	18	105.1	99.1	109.5	104.4278
P	4	0	6	0	18	113.0	100.6	118.4	111.5833
S	3	0	6	0	18	106.3	105.8	110.0	106.8278
C	3	1	5	7	16	125.7	121.7	133.6	127.0500
N	3	0	8	0	16	112.9	110.2	120.4	113.7125
C	4	0	28	28	16	113.6	109.3	122.7	113.8063
N	4	0	5	5	15	104.9	100.8	109.1	104.4800
S	4	0	7	0	15	107.9	106.0	120.5	109.8200
S	3	0	6	6	15	97.3	93.8	101.5	97.7867
P	4	1	6	0	15	108.7	101.3	113.9	109.3000
S	3	0	5	0	14	106.8	99.0	112.5	106.3214
S	4	0	6	6	14	105.3	100.8	108.9	104.9500
C	4	0	9	9	13	114.8	109.0	122.0	116.2000
C	4	0	6	8	13	113.8	106.6	117.9	113.4308
N	3	0	3	3	12	61.3	55.2	62.5	61.0583
N	3	0	4	4	12	94.3	78.2	96.6	91.8250
C	3	0	8	8	12	122.9	112.0	128.7	121.9500
O	2	1	6	6	11	117.3	115.0	117.4	117.0182
C	3	0	28	28	11	126.7	111.3	131.4	126.1727
C	3	0	5	7	10	126.2	121.1	129.6	125.9000
O	2	0	8	8	8	113.7	104.2	116.5	113.1625
C	4	0	16	16	8	113.3	111.0	116.5	114.1500
N	3	0	8	8	8	131.0	118.3	136.1	128.8875
C	3	1	5	16	8	125.3	124.8	130.9	127.9125
C	3	1	16	0	8	117.0	116.5	119.8	118.1750
C	3	0	3	0	8	139.1	105.7	154.7	138.4250
S	3	0	5	5	7	95.8	93.9	97.6	95.7857
P	4	0	5	5	7	96.4	93.4	99.6	95.8000
S	2	0	4	4	6	77.9	75.2	82.7	78.6833
P	4	0	6	6	6	101.5	98.7	105.4	101.7000
Cl	4	0	0	0	6	109.5	106.8	110.8	109.4667
N	4	0	9	0	5	105.6	105.4	111.9	107.7000
N	4	0	3	0	5	115.9	112.6	123.4	116.4600
N	4	0	7	0	5	110.2	102.2	114.4	109.0200
C	3	0	6	7	5	119.8	119.6	120.7	119.9400
S	4	1	5	0	5	109.9	103.9	110.4	108.9000
S	4	1	6	0	5	110.3	100.5	114.8	109.9200
N	4	0	4	0	5	113.0	109.5	116.0	113.1400
N	3	0	5	7	4	124.6	124.6	128.5	126.5500
Si	4	0	16	16	4	110.1	108.8	111.9	110.2750
C	3	0	16	0	4	121.3	120.9	122.0	121.4750
C	4	0	10	10	4	112.7	112.7	112.7	112.7000
C	2	0	10	10	4	173.7	173.7	173.7	173.7000
S	4	0	4	4	4	75.6	75.4	79.0	76.4750
N	3	1	5	7	4	128.2	126.5	133.3	129.9750
S	2	0	8	8	4	102.0	99.8	103.2	101.7750
P	3	0	6	0	4	100.7	99.7	103.9	101.4750
C	3	1	6	8	4	122.7	121.6	126.7	123.4500
N	3	0	5	8	4	118.3	118.3	118.3	118.3000
C	3	1	16	16	4	123.5	123.5	123.8	123.6250
C	3	0	3	3	4	62.7	50.9	81.7	65.4250
S	4	0	7	7	3	105.9	105.9	109.4	107.0667
C	3	0	4	5	3	113.3	112.4	117.5	114.4000
P	4	1	6	6	3	109.8	109.8	109.8	109.8000
N	2	0	3	3	2	62.4	62.4	62.4	62.4000
S	3	1	5	5	2	87.9	87.9	87.9	87.9000
C	3	1	5	9	2	123.0	123.0	128.8	125.9000
O	2	0	9	9	2	114.4	114.4	114.9	114.6500
C	3	0	16	16	2	116.8	116.8	117.1	116.9500
O	2	0	16	16	2	142.0	142.0	143.0	142.5000
S	2	0	10	10	2	100.3	100.3	100.3	100.3000
S	2	1	6	6	2	99.8	99.8	101.4	100.6000
P	3	0	6	6	2	96.4	96.4	99.3	97.8500
C	3	0	5	8	2	132.5	132.5	132.7	132.6000
N	2	0	8	8	2	129.4	129.4	130.4	129.9000
P	3	0	5	0	2	97.7	97.7	98.5	98.1000
S	2	0	3	3	2	49.0	49.0	49.2	49.1000
S	3	1	5	0	1	98.4	98.4	98.4	98.4000
N	4	0	9	9	1	117.3	117.3	117.3	117.3000
N	4	0	3	3	1	63.7	63.7	63.7	63.7000
N	4	0	7	7	1	111.1	111.1	111.1	111.1000
N	4	0	6	7	1	112.0	112.0	112.0	112.0000
C	4	0	5	8	1	110.3	110.3	110.3	110.3000
C	3	0	4	6	1	125.0	125.0	125.0	125.0000
N	3	0	6	7	1	120.5	120.5	120.5	120.5000
N	3	1	6	7	1	123.6	123.6	123.6	123.6000
S	4	1	5	5	1	112.0	112.0	112.0	112.0000
O	2	0	28	28	1	117.0	117.0	117.0	117.0000
P	3	0	5	5	1	96.3	96.3	96.3	96.3000
O	2	0	4	4	1	90.2	90.2	90.2	90.2000
S	4	1	6	6	1	105.9	105.9	105.9	105.9000
N	4	0	4	4	1	90.0	90.0	90.0	90.0000
